{
  "name": "TechReborn",
  "modId": "techreborn",
  "entries": [
    {
      "name": "Manual",
      "registryName": "TODO",
      "type": "Text",
      "category": "Items",
      "data": {
        "data": {
          "image": "",
          "text": "The manual is this item."
        }
      }
    },
    {
      "name": "Rubber",
      "registryName": "techreborn:part:41",
      "type": "Image",
      "category": "Items",
      "data": {
        "data": {
          "image": "gettingrubber",
          "text": "You can get rubber by using a tree tap on a rubber log that has a sap blob on."
        }
      }
    }
  ]
}